address,latitude,longitude
北海道札幌市厚別区厚別中央二条5-7-2,43.036667,141.471664
北海道札幌市中央区南一条西3丁目,43.05909,141.35321
青森県青森市柳川1-2-3,40.827938,140.734375
青森県八戸市江陽2-14-1,40.520836,141.503159
岩手県盛岡市盛岡駅前通1-44,39.696392,141.139297
宮城県仙台市青葉区中央1-1-1,38.260338,140.881699
茨城県つくば市稲岡66-1,36.034595,140.132721
茨城県水戸市内原2-1,36.374561,140.358841
栃木県宇都宮市インターパーク6-1-1,36.490471,139.906799
群馬県高崎市棟高町1400,36.390381,139.006577
埼玉県さいたま市大宮区吉敷町4丁目263番地1コクーンシティ,35.896694,139.634338
埼玉県羽生市川崎2-281-3,36.142914,139.541718
埼玉県富士見市山室一丁目1313番,35.858746,139.547913
千葉県印西市中央北3-2,35.802212,140.112183
千葉県千葉市中央区富士見2-25-1,35.610886,140.115936
千葉県船橋市浜町2-1-1,35.686241,139.990204
千葉県柏市末広町1-1,35.862377,139.970825
千葉県市川市市川1-1-1,35.72897,139.907639
千葉県成田市ウイング土屋24,35.795254,140.318909
東京都渋谷区神宮前5丁目46-13,35.663956,139.708328
東京都豊島区東池袋3-1-2,35.727776,139.720123
東京都千代田区有楽町2-7-1,35.674213,139.763657
東京都品川区大井1-2-1,35.604897,139.734665
東京都品川区上大崎2-16-9,35.634079,139.71611
東京都大田区大森北1-6-16,35.588772,139.728455
東京都江東区亀戸5-1-1,35.697639,139.825806
東京都足立区千住3-92,35.751083,139.804565
東京都世田谷区玉川3-17-1,35.613522,139.626984
東京都多摩市関戸1-10-1,35.651123,139.447174
東京都武蔵野市吉祥寺南町1-1-24,35.703297,139.579697
東京都立川市曙町2-1-1,35.698551,139.413223
東京都国分寺市南町3-20-3,35.699368,139.480377
東京都町田市原町田6-2-6,35.543522,139.445145
東京都渋谷区神宮前3丁目18-22,35.669788,139.708344
東京都世田谷区北沢2-27-2,35.66264,139.666061
東京都渋谷区神宮前3-36-26,35.671692,139.712112
東京都千代田区外神田２－１７－２,35.701183,139.767303
神奈川県横浜市西区高島2-16-B1号232,35.465988,139.623001
神奈川県横浜市港北区師岡町700番地,35.524197,139.645462
神奈川県横浜市戸塚区戸塚町16-1,35.400028,139.532776
神奈川県川崎市幸区堀川町72-1,35.531395,139.695801
神奈川県川崎市麻生区上麻生1-4-1,35.603123,139.509323
神奈川県小田原市中里208,35.28397,139.185623
神奈川県横浜市青葉区美しが丘1-1-2,35.578224,139.559586
富山県高岡市下伏間江383,36.723873,137.016861
石川県白山市横江町5001,36.544262,136.586243
山梨県甲府市丸の内1-1-8,35.666508,138.568893
静岡県静岡市葵区鷹匠1丁目1-1,34.975548,138.387177
静岡県沼津市東椎路字東荒301-3ららぽーと沼津3階,35.128609,138.837143
愛知県愛知郡東郷町東郷中央土地区画整理事業,35.096897,137.052643
愛知県一宮市木曽川町黒田字南八ツケ池25-1,35.349159,136.773605
京都府京都市南区久世高田町376-1,34.963566,135.707932
京都府京都市中京区烏丸通姉小路下ル,35.007889,135.758133
大阪府大阪市北区梅田3丁目1番地3号,34.701881,135.496338
大阪府大阪市北区芝田1-1-3,34.70414,135.499008
大阪府大阪市都島区東野田町2-1-38,34.697414,135.533218
大阪府大阪市天王寺区悲田院町10-39,34.647064,135.513474
大阪府堺市美原区黒山22番1,34.542019,135.55838
大阪府堺市北区東浅香山町4-1-12,34.584618,135.513718
大阪府門真市松生町1番地11号,34.73135,135.584335
大阪府泉南市りんくう南浜3-12,34.382992,135.267197
兵庫県西宮市高松町14-2,34.743858,135.360275
岡山県岡山市北区駅元町1-1,34.665607,133.918015
岡山県倉敷市水江1,34.601658,133.744385
広島県廿日市市下平良2-2-1,34.345757,132.335617
香川県高松市三条町字中所608-1,34.317055,134.041534
高知県高知市秦南町1-4-8,33.575348,133.541473
福岡県福岡市中央区天神一丁目11番1号,33.590576,130.40036
福岡県福岡市博多区那珂6丁目23番1号,33.564976,130.43869
福岡県福岡市西区橋本2丁目27-2,33.55592,130.321625
福岡県直方市湯野原2-1-1,33.76894,130.749512
長崎県長崎市浜町,32.744286,129.877762
大分県大分市要町1-14,33.233311,131.606415
熊本県熊本市中央区上通町7-6マツモトレコードビル,32.805046,130.711182
熊本県菊池郡菊陽町光の森7-33-1,32.860233,130.784576
宮崎県宮崎市新別府町江口862-1,31.924305,131.452423
鹿児島県鹿児島市中央町1-1,31.58415,130.542221
鹿児島県鹿児島市東開町7,31.527231,130.53653
